level_of_education,school
Primary Schools (Excluding Mixed Level Schools),ADMIRALTY PRIMARY SCHOOL
Primary Schools (Excluding Mixed Level Schools),AHMAD IBRAHIM PRIMARY SCHOOL
Primary Schools (Excluding Mixed Level Schools),AI TONG SCHOOL
Primary Schools (Excluding Mixed Level Schools),ALEXANDRA PRIMARY SCHOOL
Primary Schools (Excluding Mixed Level Schools),ANCHOR GREEN PRIMARY SCHOOL
Primary Schools (Excluding Mixed Level Schools),ANDERSON PRIMARY SCHOOL
Primary Schools (Excluding Mixed Level Schools),ANG MO KIO PRIMARY SCHOOL
Primary Schools (Excluding Mixed Level Schools),ANGLO-CHINESE SCHOOL (JUNIOR)
Primary Schools (Excluding Mixed Level Schools),ANGLO-CHINESE SCHOOL (PRIMARY)
Primary Schools (Excluding Mixed Level Schools),ANGSANA PRIMARY SCHOOL
Primary Schools (Excluding Mixed Level Schools),BALESTIER HILL PRIMARY SCHOOL
Primary Schools (Excluding Mixed Level Schools),BEACON PRIMARY SCHOOL
Primary Schools (Excluding Mixed Level Schools),BEDOK GREEN PRIMARY SCHOOL
Primary Schools (Excluding Mixed Level Schools),BENDEMEER PRIMARY SCHOOL
Primary Schools (Excluding Mixed Level Schools),BLANGAH RISE PRIMARY SCHOOL
Primary Schools (Excluding Mixed Level Schools),BOON LAY GARDEN PRIMARY SCHOOL
Primary Schools (Excluding Mixed Level Schools),BUKIT PANJANG PRIMARY SCHOOL
Primary Schools (Excluding Mixed Level Schools),BUKIT TIMAH PRIMARY SCHOOL
Primary Schools (Excluding Mixed Level Schools),BUKIT VIEW PRIMARY SCHOOL
Primary Schools (Excluding Mixed Level Schools),CANBERRA PRIMARY SCHOOL
Primary Schools (Excluding Mixed Level Schools),CANOSSA CONVENT PRIMARY SCHOOL
Primary Schools (Excluding Mixed Level Schools),CANTONMENT PRIMARY SCHOOL
Primary Schools (Excluding Mixed Level Schools),CASUARINA PRIMARY SCHOOL
Primary Schools (Excluding Mixed Level Schools),CEDAR PRIMARY SCHOOL
Primary Schools (Excluding Mixed Level Schools),CHANGKAT PRIMARY SCHOOL
Primary Schools (Excluding Mixed Level Schools),CHIJ (KATONG) PRIMARY
Primary Schools (Excluding Mixed Level Schools),CHIJ (KELLOCK)
Primary Schools (Excluding Mixed Level Schools),CHIJ OUR LADY OF GOOD COUNSEL
Primary Schools (Excluding Mixed Level Schools),CHIJ OUR LADY OF THE NATIVITY
Primary Schools (Excluding Mixed Level Schools),CHIJ OUR LADY QUEEN OF PEACE
Primary Schools (Excluding Mixed Level Schools),CHIJ PRIMARY (TOA PAYOH)
Primary Schools (Excluding Mixed Level Schools),CHONGFU SCHOOL
Primary Schools (Excluding Mixed Level Schools),CHONGZHENG PRIMARY SCHOOL
Primary Schools (Excluding Mixed Level Schools),CHUA CHU KANG PRIMARY SCHOOL
Primary Schools (Excluding Mixed Level Schools),CLEMENTI PRIMARY SCHOOL
Primary Schools (Excluding Mixed Level Schools),COMPASSVALE PRIMARY SCHOOL
Primary Schools (Excluding Mixed Level Schools),CONCORD PRIMARY SCHOOL
Primary Schools (Excluding Mixed Level Schools),CORAL PRIMARY SCHOOL
Primary Schools (Excluding Mixed Level Schools),CORPORATION PRIMARY SCHOOL
Primary Schools (Excluding Mixed Level Schools),DA QIAO PRIMARY SCHOOL
Primary Schools (Excluding Mixed Level Schools),DAMAI PRIMARY SCHOOL
Primary Schools (Excluding Mixed Level Schools),DAZHONG PRIMARY SCHOOL
Primary Schools (Excluding Mixed Level Schools),DE LA SALLE SCHOOL
Primary Schools (Excluding Mixed Level Schools),EAST COAST PRIMARY SCHOOL
Primary Schools (Excluding Mixed Level Schools),EAST SPRING PRIMARY SCHOOL
Primary Schools (Excluding Mixed Level Schools),EAST VIEW PRIMARY SCHOOL
Primary Schools (Excluding Mixed Level Schools),EDGEFIELD PRIMARY SCHOOL
Primary Schools (Excluding Mixed Level Schools),ELIAS PARK PRIMARY SCHOOL
Primary Schools (Excluding Mixed Level Schools),ENDEAVOUR PRIMARY SCHOOL
Primary Schools (Excluding Mixed Level Schools),EUNOS PRIMARY SCHOOL
Primary Schools (Excluding Mixed Level Schools),EVERGREEN PRIMARY SCHOOL
Primary Schools (Excluding Mixed Level Schools),FAIRFIELD METHODIST SCHOOL (PRIMARY)
Primary Schools (Excluding Mixed Level Schools),FARRER PARK PRIMARY SCHOOL
Primary Schools (Excluding Mixed Level Schools),FENGSHAN PRIMARY SCHOOL
Primary Schools (Excluding Mixed Level Schools),FERNVALE PRIMARY SCHOOL
Primary Schools (Excluding Mixed Level Schools),FIRST TOA PAYOH PRIMARY SCHOOL
Primary Schools (Excluding Mixed Level Schools),FRONTIER PRIMARY SCHOOL
Primary Schools (Excluding Mixed Level Schools),FUCHUN PRIMARY SCHOOL
Primary Schools (Excluding Mixed Level Schools),FUHUA PRIMARY SCHOOL
Primary Schools (Excluding Mixed Level Schools),GAN ENG SENG PRIMARY SCHOOL
Primary Schools (Excluding Mixed Level Schools),GEYLANG METHODIST SCHOOL (PRIMARY)
Primary Schools (Excluding Mixed Level Schools),GONGSHANG PRIMARY SCHOOL
Primary Schools (Excluding Mixed Level Schools),GREENDALE PRIMARY SCHOOL
Primary Schools (Excluding Mixed Level Schools),GREENRIDGE PRIMARY SCHOOL
Primary Schools (Excluding Mixed Level Schools),GREENWOOD PRIMARY SCHOOL
Primary Schools (Excluding Mixed Level Schools),GUANGYANG PRIMARY SCHOOL
Primary Schools (Excluding Mixed Level Schools),HAIG GIRLS' SCHOOL
Primary Schools (Excluding Mixed Level Schools),HENRY PARK PRIMARY SCHOOL
Primary Schools (Excluding Mixed Level Schools),HOLY INNOCENTS' PRIMARY SCHOOL
Primary Schools (Excluding Mixed Level Schools),HONG WEN SCHOOL
Primary Schools (Excluding Mixed Level Schools),HORIZON PRIMARY SCHOOL
Primary Schools (Excluding Mixed Level Schools),HOUGANG PRIMARY SCHOOL
Primary Schools (Excluding Mixed Level Schools),HUAMIN PRIMARY SCHOOL
Primary Schools (Excluding Mixed Level Schools),INNOVA PRIMARY SCHOOL
Primary Schools (Excluding Mixed Level Schools),JIEMIN PRIMARY SCHOOL
Primary Schools (Excluding Mixed Level Schools),JING SHAN PRIMARY SCHOOL
Primary Schools (Excluding Mixed Level Schools),JUNYUAN PRIMARY SCHOOL
Primary Schools (Excluding Mixed Level Schools),JURONG PRIMARY SCHOOL
Primary Schools (Excluding Mixed Level Schools),JURONG WEST PRIMARY SCHOOL
Primary Schools (Excluding Mixed Level Schools),JUYING PRIMARY SCHOOL
Primary Schools (Excluding Mixed Level Schools),KEMING PRIMARY SCHOOL
Primary Schools (Excluding Mixed Level Schools),KHENG CHENG SCHOOL
Primary Schools (Excluding Mixed Level Schools),KONG HWA SCHOOL
Primary Schools (Excluding Mixed Level Schools),KRANJI PRIMARY SCHOOL
Primary Schools (Excluding Mixed Level Schools),KUO CHUAN PRESBYTERIAN PRIMARY SCHOOL
Primary Schools (Excluding Mixed Level Schools),LAKESIDE PRIMARY SCHOOL
Primary Schools (Excluding Mixed Level Schools),LIANHUA PRIMARY SCHOOL
Primary Schools (Excluding Mixed Level Schools),LOYANG PRIMARY SCHOOL
Primary Schools (Excluding Mixed Level Schools),MACPHERSON PRIMARY SCHOOL
Primary Schools (Excluding Mixed Level Schools),MAHA BODHI SCHOOL
Primary Schools (Excluding Mixed Level Schools),MARSILING PRIMARY SCHOOL
Primary Schools (Excluding Mixed Level Schools),MARYMOUNT CONVENT SCHOOL
Primary Schools (Excluding Mixed Level Schools),MAYFLOWER PRIMARY SCHOOL
Primary Schools (Excluding Mixed Level Schools),MEE TOH SCHOOL
Primary Schools (Excluding Mixed Level Schools),MERIDIAN PRIMARY SCHOOL
Primary Schools (Excluding Mixed Level Schools),MONTFORT JUNIOR SCHOOL
Primary Schools (Excluding Mixed Level Schools),NAN CHIAU PRIMARY SCHOOL
Primary Schools (Excluding Mixed Level Schools),NAN HUA PRIMARY SCHOOL
Primary Schools (Excluding Mixed Level Schools),NANYANG PRIMARY SCHOOL
Primary Schools (Excluding Mixed Level Schools),NAVAL BASE PRIMARY SCHOOL
Primary Schools (Excluding Mixed Level Schools),NEW TOWN PRIMARY SCHOOL
Primary Schools (Excluding Mixed Level Schools),NGEE ANN PRIMARY SCHOOL
Primary Schools (Excluding Mixed Level Schools),NORTH SPRING PRIMARY SCHOOL
Primary Schools (Excluding Mixed Level Schools),NORTH VIEW PRIMARY SCHOOL
Primary Schools (Excluding Mixed Level Schools),NORTH VISTA PRIMARY SCHOOL
Primary Schools (Excluding Mixed Level Schools),NORTHLAND PRIMARY SCHOOL
Primary Schools (Excluding Mixed Level Schools),NORTHOAKS PRIMARY SCHOOL
Primary Schools (Excluding Mixed Level Schools),OPERA ESTATE PRIMARY SCHOOL
Primary Schools (Excluding Mixed Level Schools),PALM VIEW PRIMARY SCHOOL
Primary Schools (Excluding Mixed Level Schools),PARK VIEW PRIMARY SCHOOL
Primary Schools (Excluding Mixed Level Schools),PASIR RIS PRIMARY SCHOOL
Primary Schools (Excluding Mixed Level Schools),PAYA LEBAR METHODIST GIRLS' SCHOOL (PRIMARY)
Primary Schools (Excluding Mixed Level Schools),PEI CHUN PUBLIC SCHOOL
Primary Schools (Excluding Mixed Level Schools),PEI HWA PRESBYTERIAN PRIMARY SCHOOL
Primary Schools (Excluding Mixed Level Schools),PEI TONG PRIMARY SCHOOL
Primary Schools (Excluding Mixed Level Schools),PEIYING PRIMARY SCHOOL
Primary Schools (Excluding Mixed Level Schools),PIONEER PRIMARY SCHOOL
Primary Schools (Excluding Mixed Level Schools),POI CHING SCHOOL
Primary Schools (Excluding Mixed Level Schools),PRINCESS ELIZABETH PRIMARY SCHOOL
Primary Schools (Excluding Mixed Level Schools),PUNGGOL GREEN PRIMARY SCHOOL
Primary Schools (Excluding Mixed Level Schools),PUNGGOL PRIMARY SCHOOL
Primary Schools (Excluding Mixed Level Schools),PUNGGOL VIEW PRIMARY SCHOOL
Primary Schools (Excluding Mixed Level Schools),QIFA PRIMARY SCHOOL
Primary Schools (Excluding Mixed Level Schools),QIHUA PRIMARY SCHOOL
Primary Schools (Excluding Mixed Level Schools),QUEENSTOWN PRIMARY SCHOOL
Primary Schools (Excluding Mixed Level Schools),RADIN MAS PRIMARY SCHOOL
Primary Schools (Excluding Mixed Level Schools),RAFFLES GIRLS' PRIMARY SCHOOL
Primary Schools (Excluding Mixed Level Schools),RED SWASTIKA SCHOOL
Primary Schools (Excluding Mixed Level Schools),RIVER VALLEY PRIMARY SCHOOL
Primary Schools (Excluding Mixed Level Schools),RIVERSIDE PRIMARY SCHOOL
Primary Schools (Excluding Mixed Level Schools),RIVERVALE PRIMARY SCHOOL
Primary Schools (Excluding Mixed Level Schools),ROSYTH SCHOOL
Primary Schools (Excluding Mixed Level Schools),RULANG PRIMARY SCHOOL
Primary Schools (Excluding Mixed Level Schools),SEMBAWANG PRIMARY SCHOOL
Primary Schools (Excluding Mixed Level Schools),SENG KANG PRIMARY SCHOOL
Primary Schools (Excluding Mixed Level Schools),SENGKANG GREEN PRIMARY SCHOOL
Primary Schools (Excluding Mixed Level Schools),SHUQUN PRIMARY SCHOOL
Primary Schools (Excluding Mixed Level Schools),SI LING PRIMARY SCHOOL
Primary Schools (Excluding Mixed Level Schools),SOUTH VIEW PRIMARY SCHOOL
Primary Schools (Excluding Mixed Level Schools),SPRINGDALE PRIMARY SCHOOL
Primary Schools (Excluding Mixed Level Schools),ST. ANDREW'S JUNIOR SCHOOL
Primary Schools (Excluding Mixed Level Schools),ST. ANTHONY'S CANOSSIAN PRIMARY SCHOOL
Primary Schools (Excluding Mixed Level Schools),ST. ANTHONY'S PRIMARY SCHOOL
Primary Schools (Excluding Mixed Level Schools),ST. GABRIEL'S PRIMARY SCHOOL
Primary Schools (Excluding Mixed Level Schools),ST. HILDA'S PRIMARY SCHOOL
Primary Schools (Excluding Mixed Level Schools),ST. JOSEPH'S INSTITUTION JUNIOR
Primary Schools (Excluding Mixed Level Schools),ST. MARGARET'S PRIMARY SCHOOL
Primary Schools (Excluding Mixed Level Schools),ST. STEPHEN'S SCHOOL
Primary Schools (Excluding Mixed Level Schools),STAMFORD PRIMARY SCHOOL
Primary Schools (Excluding Mixed Level Schools),TAMPINES NORTH PRIMARY SCHOOL
Primary Schools (Excluding Mixed Level Schools),TAMPINES PRIMARY SCHOOL
Primary Schools (Excluding Mixed Level Schools),TANJONG KATONG PRIMARY SCHOOL
Primary Schools (Excluding Mixed Level Schools),TAO NAN SCHOOL
Primary Schools (Excluding Mixed Level Schools),TECK GHEE PRIMARY SCHOOL
Primary Schools (Excluding Mixed Level Schools),TECK WHYE PRIMARY SCHOOL
Primary Schools (Excluding Mixed Level Schools),TELOK KURAU PRIMARY SCHOOL
Primary Schools (Excluding Mixed Level Schools),TEMASEK PRIMARY SCHOOL
Primary Schools (Excluding Mixed Level Schools),TOWNSVILLE PRIMARY SCHOOL
Primary Schools (Excluding Mixed Level Schools),UNITY PRIMARY SCHOOL
Primary Schools (Excluding Mixed Level Schools),WELLINGTON PRIMARY SCHOOL
Primary Schools (Excluding Mixed Level Schools),WEST GROVE PRIMARY SCHOOL
Primary Schools (Excluding Mixed Level Schools),WEST SPRING PRIMARY SCHOOL
Primary Schools (Excluding Mixed Level Schools),WEST VIEW PRIMARY SCHOOL
Primary Schools (Excluding Mixed Level Schools),WESTWOOD PRIMARY SCHOOL
Primary Schools (Excluding Mixed Level Schools),WHITE SANDS PRIMARY SCHOOL
Primary Schools (Excluding Mixed Level Schools),WOODGROVE PRIMARY SCHOOL
Primary Schools (Excluding Mixed Level Schools),WOODLANDS PRIMARY SCHOOL
Primary Schools (Excluding Mixed Level Schools),WOODLANDS RING PRIMARY SCHOOL
Primary Schools (Excluding Mixed Level Schools),XINGHUA PRIMARY SCHOOL
Primary Schools (Excluding Mixed Level Schools),XINGNAN PRIMARY SCHOOL
Primary Schools (Excluding Mixed Level Schools),XINMIN PRIMARY SCHOOL
Primary Schools (Excluding Mixed Level Schools),XISHAN PRIMARY SCHOOL
Primary Schools (Excluding Mixed Level Schools),YANGZHENG PRIMARY SCHOOL
Primary Schools (Excluding Mixed Level Schools),YEW TEE PRIMARY SCHOOL
Primary Schools (Excluding Mixed Level Schools),YIO CHU KANG PRIMARY SCHOOL
Primary Schools (Excluding Mixed Level Schools),YISHUN PRIMARY SCHOOL
Primary Schools (Excluding Mixed Level Schools),YU NENG PRIMARY SCHOOL
Primary Schools (Excluding Mixed Level Schools),YUHUA PRIMARY SCHOOL
Primary Schools (Excluding Mixed Level Schools),YUMIN PRIMARY SCHOOL
Primary Schools (Excluding Mixed Level Schools),ZHANGDE PRIMARY SCHOOL
Primary Schools (Excluding Mixed Level Schools),ZHENGHUA PRIMARY SCHOOL
Primary Schools (Excluding Mixed Level Schools),ZHONGHUA PRIMARY SCHOOL
Secondary Schools (Excluding Mixed Level Schools),ADMIRALTY SECONDARY SCHOOL
Secondary Schools (Excluding Mixed Level Schools),AHMAD IBRAHIM SECONDARY SCHOOL
Secondary Schools (Excluding Mixed Level Schools),ANDERSON SECONDARY SCHOOL
Secondary Schools (Excluding Mixed Level Schools),ANG MO KIO SECONDARY SCHOOL
Secondary Schools (Excluding Mixed Level Schools),ANGLICAN HIGH SCHOOL
Secondary Schools (Excluding Mixed Level Schools),ANGLO-CHINESE SCHOOL (BARKER ROAD)
Secondary Schools (Excluding Mixed Level Schools),ASSUMPTION ENGLISH SCHOOL
Secondary Schools (Excluding Mixed Level Schools),ASSUMPTION PATHWAY SCHOOL
Secondary Schools (Excluding Mixed Level Schools),BALESTIER HILL SECONDARY SCHOOL
Secondary Schools (Excluding Mixed Level Schools),BARTLEY SECONDARY SCHOOL
Secondary Schools (Excluding Mixed Level Schools),BEATTY SECONDARY SCHOOL
Secondary Schools (Excluding Mixed Level Schools),BEDOK GREEN SECONDARY SCHOOL
Secondary Schools (Excluding Mixed Level Schools),BEDOK NORTH SECONDARY SCHOOL
Secondary Schools (Excluding Mixed Level Schools),BEDOK SOUTH SECONDARY SCHOOL
Secondary Schools (Excluding Mixed Level Schools),BEDOK TOWN SECONDARY SCHOOL
Secondary Schools (Excluding Mixed Level Schools),BEDOK VIEW SECONDARY SCHOOL
Secondary Schools (Excluding Mixed Level Schools),BENDEMEER SECONDARY SCHOOL
Secondary Schools (Excluding Mixed Level Schools),BISHAN PARK SECONDARY SCHOOL
Secondary Schools (Excluding Mixed Level Schools),BOON LAY SECONDARY SCHOOL
Secondary Schools (Excluding Mixed Level Schools),BOWEN SECONDARY SCHOOL
Secondary Schools (Excluding Mixed Level Schools),BROADRICK SECONDARY SCHOOL
Secondary Schools (Excluding Mixed Level Schools),BUKIT BATOK SECONDARY SCHOOL
Secondary Schools (Excluding Mixed Level Schools),BUKIT MERAH SECONDARY SCHOOL
Secondary Schools (Excluding Mixed Level Schools),BUKIT PANJANG GOVT. HIGH SCHOOL
Secondary Schools (Excluding Mixed Level Schools),BUKIT VIEW SECONDARY SCHOOL
Secondary Schools (Excluding Mixed Level Schools),CANBERRA SECONDARY SCHOOL
Secondary Schools (Excluding Mixed Level Schools),CEDAR GIRLS' SECONDARY SCHOOL
Secondary Schools (Excluding Mixed Level Schools),CHANGKAT CHANGI SECONDARY SCHOOL
Secondary Schools (Excluding Mixed Level Schools),CHESTNUT DRIVE SECONDARY SCHOOL
Secondary Schools (Excluding Mixed Level Schools),CHIJ KATONG CONVENT
Secondary Schools (Excluding Mixed Level Schools),CHIJ SECONDARY (TOA PAYOH)
Secondary Schools (Excluding Mixed Level Schools),CHIJ ST. JOSEPH'S CONVENT
Secondary Schools (Excluding Mixed Level Schools),CHIJ ST. THERESA'S CONVENT
Secondary Schools (Excluding Mixed Level Schools),CHONG BOON SECONDARY SCHOOL
Secondary Schools (Excluding Mixed Level Schools),CHRIST CHURCH SECONDARY SCHOOL
Secondary Schools (Excluding Mixed Level Schools),CHUA CHU KANG SECONDARY SCHOOL
Secondary Schools (Excluding Mixed Level Schools),CHUNG CHENG HIGH SCHOOL (MAIN)
Secondary Schools (Excluding Mixed Level Schools),CHUNG CHENG HIGH SCHOOL (YISHUN)
Secondary Schools (Excluding Mixed Level Schools),CLEMENTI TOWN SECONDARY SCHOOL
Secondary Schools (Excluding Mixed Level Schools),CLEMENTI WOODS SECONDARY SCHOOL
Secondary Schools (Excluding Mixed Level Schools),COMMONWEALTH SECONDARY SCHOOL
Secondary Schools (Excluding Mixed Level Schools),COMPASSVALE SECONDARY SCHOOL
Secondary Schools (Excluding Mixed Level Schools),CORAL SECONDARY SCHOOL
Secondary Schools (Excluding Mixed Level Schools),CRESCENT GIRLS' SCHOOL
Secondary Schools (Excluding Mixed Level Schools),CREST SECONDARY SCHOOL
Secondary Schools (Excluding Mixed Level Schools),DAMAI SECONDARY SCHOOL
Secondary Schools (Excluding Mixed Level Schools),DEYI SECONDARY SCHOOL
Secondary Schools (Excluding Mixed Level Schools),DUNEARN SECONDARY SCHOOL
Secondary Schools (Excluding Mixed Level Schools),DUNMAN SECONDARY SCHOOL
Secondary Schools (Excluding Mixed Level Schools),EAST SPRING SECONDARY SCHOOL
Secondary Schools (Excluding Mixed Level Schools),EAST VIEW SECONDARY SCHOOL
Secondary Schools (Excluding Mixed Level Schools),EDGEFIELD SECONDARY SCHOOL
Secondary Schools (Excluding Mixed Level Schools),EVERGREEN SECONDARY SCHOOL
Secondary Schools (Excluding Mixed Level Schools),FAIRFIELD METHODIST SCHOOL (SECONDARY)
Secondary Schools (Excluding Mixed Level Schools),FAJAR SECONDARY SCHOOL
Secondary Schools (Excluding Mixed Level Schools),FIRST TOA PAYOH SECONDARY SCHOOL
Secondary Schools (Excluding Mixed Level Schools),FUCHUN SECONDARY SCHOOL
Secondary Schools (Excluding Mixed Level Schools),FUHUA SECONDARY SCHOOL
Secondary Schools (Excluding Mixed Level Schools),GAN ENG SENG SCHOOL
Secondary Schools (Excluding Mixed Level Schools),GEYLANG METHODIST SCHOOL (SECONDARY)
Secondary Schools (Excluding Mixed Level Schools),GREENDALE SECONDARY SCHOOL
Secondary Schools (Excluding Mixed Level Schools),GREENRIDGE SECONDARY SCHOOL
Secondary Schools (Excluding Mixed Level Schools),GREENVIEW SECONDARY SCHOOL
Secondary Schools (Excluding Mixed Level Schools),GUANGYANG SECONDARY SCHOOL
Secondary Schools (Excluding Mixed Level Schools),HAI SING CATHOLIC SCHOOL
Secondary Schools (Excluding Mixed Level Schools),HENDERSON SECONDARY SCHOOL
Secondary Schools (Excluding Mixed Level Schools),HILLGROVE SECONDARY SCHOOL
Secondary Schools (Excluding Mixed Level Schools),HOLY INNOCENTS' HIGH SCHOOL
Secondary Schools (Excluding Mixed Level Schools),HONG KAH SECONDARY SCHOOL
Secondary Schools (Excluding Mixed Level Schools),HOUGANG SECONDARY SCHOOL
Secondary Schools (Excluding Mixed Level Schools),HUA YI SECONDARY SCHOOL
Secondary Schools (Excluding Mixed Level Schools),JUNYUAN SECONDARY SCHOOL
Secondary Schools (Excluding Mixed Level Schools),JURONG SECONDARY SCHOOL
Secondary Schools (Excluding Mixed Level Schools),JURONG WEST SECONDARY SCHOOL
Secondary Schools (Excluding Mixed Level Schools),JURONGVILLE SECONDARY SCHOOL
Secondary Schools (Excluding Mixed Level Schools),JUYING SECONDARY SCHOOL
Secondary Schools (Excluding Mixed Level Schools),KENT RIDGE SECONDARY SCHOOL
Secondary Schools (Excluding Mixed Level Schools),KRANJI SECONDARY SCHOOL
Secondary Schools (Excluding Mixed Level Schools),KUO CHUAN PRESBYTERIAN SECONDARY SCHOOL
Secondary Schools (Excluding Mixed Level Schools),LOYANG SECONDARY SCHOOL
Secondary Schools (Excluding Mixed Level Schools),MACPHERSON SECONDARY SCHOOL
Secondary Schools (Excluding Mixed Level Schools),MANJUSRI SECONDARY SCHOOL
Secondary Schools (Excluding Mixed Level Schools),MARSILING SECONDARY SCHOOL
Secondary Schools (Excluding Mixed Level Schools),MAYFLOWER SECONDARY SCHOOL
Secondary Schools (Excluding Mixed Level Schools),MONTFORT SECONDARY SCHOOL
Secondary Schools (Excluding Mixed Level Schools),NAN CHIAU HIGH SCHOOL
Secondary Schools (Excluding Mixed Level Schools),NAN HUA HIGH SCHOOL
Secondary Schools (Excluding Mixed Level Schools),NANYANG GIRLS' HIGH SCHOOL
Secondary Schools (Excluding Mixed Level Schools),NAVAL BASE SECONDARY SCHOOL
Secondary Schools (Excluding Mixed Level Schools),NEW TOWN SECONDARY SCHOOL
Secondary Schools (Excluding Mixed Level Schools),NGEE ANN SECONDARY SCHOOL
Secondary Schools (Excluding Mixed Level Schools),NORTH VIEW SECONDARY SCHOOL
Secondary Schools (Excluding Mixed Level Schools),NORTH VISTA SECONDARY SCHOOL
Secondary Schools (Excluding Mixed Level Schools),NORTHBROOKS SECONDARY SCHOOL
Secondary Schools (Excluding Mixed Level Schools),NORTHLAND SECONDARY SCHOOL
Secondary Schools (Excluding Mixed Level Schools),NORTHLIGHT SCHOOL
Secondary Schools (Excluding Mixed Level Schools),ORCHID PARK SECONDARY SCHOOL
Secondary Schools (Excluding Mixed Level Schools),OUTRAM SECONDARY SCHOOL
Secondary Schools (Excluding Mixed Level Schools),PASIR RIS CREST SECONDARY SCHOOL
Secondary Schools (Excluding Mixed Level Schools),PASIR RIS SECONDARY SCHOOL
Secondary Schools (Excluding Mixed Level Schools),PAYA LEBAR METHODIST GIRLS' SCHOOL (SECONDARY)
Secondary Schools (Excluding Mixed Level Schools),PEI HWA SECONDARY SCHOOL
Secondary Schools (Excluding Mixed Level Schools),PEICAI SECONDARY SCHOOL
Secondary Schools (Excluding Mixed Level Schools),PEIRCE SECONDARY SCHOOL
Secondary Schools (Excluding Mixed Level Schools),PING YI SECONDARY SCHOOL
Secondary Schools (Excluding Mixed Level Schools),PIONEER SECONDARY SCHOOL
Secondary Schools (Excluding Mixed Level Schools),PRESBYTERIAN HIGH SCHOOL
Secondary Schools (Excluding Mixed Level Schools),PUNGGOL SECONDARY SCHOOL
Secondary Schools (Excluding Mixed Level Schools),QUEENSTOWN SECONDARY SCHOOL
Secondary Schools (Excluding Mixed Level Schools),QUEENSWAY SECONDARY SCHOOL
Secondary Schools (Excluding Mixed Level Schools),RAFFLES GIRLS' SCHOOL (SECONDARY)
Secondary Schools (Excluding Mixed Level Schools),REGENT SECONDARY SCHOOL
Secondary Schools (Excluding Mixed Level Schools),RIVERSIDE SECONDARY SCHOOL
Secondary Schools (Excluding Mixed Level Schools),"SCHOOL OF SCIENCE AND TECHNOLOGY, SINGAPORE"
Secondary Schools (Excluding Mixed Level Schools),SEMBAWANG SECONDARY SCHOOL
Secondary Schools (Excluding Mixed Level Schools),SENG KANG SECONDARY SCHOOL
Secondary Schools (Excluding Mixed Level Schools),SERANGOON GARDEN SECONDARY SCHOOL
Secondary Schools (Excluding Mixed Level Schools),SERANGOON SECONDARY SCHOOL
Secondary Schools (Excluding Mixed Level Schools),SHUQUN SECONDARY SCHOOL
Secondary Schools (Excluding Mixed Level Schools),SI LING SECONDARY SCHOOL
Secondary Schools (Excluding Mixed Level Schools),SIGLAP SECONDARY SCHOOL
Secondary Schools (Excluding Mixed Level Schools),SPECTRA SECONDARY SCHOOL
Secondary Schools (Excluding Mixed Level Schools),SPRINGFIELD SECONDARY SCHOOL
Secondary Schools (Excluding Mixed Level Schools),ST. ANDREW'S SECONDARY SCHOOL
Secondary Schools (Excluding Mixed Level Schools),ST. ANTHONY'S CANOSSIAN SECONDARY SCHOOL
Secondary Schools (Excluding Mixed Level Schools),ST. GABRIEL'S SECONDARY SCHOOL
Secondary Schools (Excluding Mixed Level Schools),ST. HILDA'S SECONDARY SCHOOL
Secondary Schools (Excluding Mixed Level Schools),ST. MARGARET'S SECONDARY SCHOOL
Secondary Schools (Excluding Mixed Level Schools),ST. PATRICK'S SCHOOL
Secondary Schools (Excluding Mixed Level Schools),SWISS COTTAGE SECONDARY SCHOOL
Secondary Schools (Excluding Mixed Level Schools),TAMPINES SECONDARY SCHOOL
Secondary Schools (Excluding Mixed Level Schools),TANGLIN SECONDARY SCHOOL
Secondary Schools (Excluding Mixed Level Schools),TANJONG KATONG GIRLS' SCHOOL
Secondary Schools (Excluding Mixed Level Schools),TANJONG KATONG SECONDARY SCHOOL
Secondary Schools (Excluding Mixed Level Schools),TECK WHYE SECONDARY SCHOOL
Secondary Schools (Excluding Mixed Level Schools),TEMASEK SECONDARY SCHOOL
Secondary Schools (Excluding Mixed Level Schools),UNITY SECONDARY SCHOOL
Secondary Schools (Excluding Mixed Level Schools),VICTORIA SCHOOL
Secondary Schools (Excluding Mixed Level Schools),WEST SPRING SECONDARY SCHOOL
Secondary Schools (Excluding Mixed Level Schools),WESTWOOD SECONDARY SCHOOL
Secondary Schools (Excluding Mixed Level Schools),WHITLEY SECONDARY SCHOOL
Secondary Schools (Excluding Mixed Level Schools),WOODGROVE SECONDARY SCHOOL
Secondary Schools (Excluding Mixed Level Schools),WOODLANDS RING SECONDARY SCHOOL
Secondary Schools (Excluding Mixed Level Schools),WOODLANDS SECONDARY SCHOOL
Secondary Schools (Excluding Mixed Level Schools),XINMIN SECONDARY SCHOOL
Secondary Schools (Excluding Mixed Level Schools),YIO CHU KANG SECONDARY SCHOOL
Secondary Schools (Excluding Mixed Level Schools),YISHUN SECONDARY SCHOOL
Secondary Schools (Excluding Mixed Level Schools),YISHUN TOWN SECONDARY SCHOOL
Secondary Schools (Excluding Mixed Level Schools),YUAN CHING SECONDARY SCHOOL
Secondary Schools (Excluding Mixed Level Schools),YUHUA SECONDARY SCHOOL
Secondary Schools (Excluding Mixed Level Schools),YUSOF ISHAK SECONDARY SCHOOL
Secondary Schools (Excluding Mixed Level Schools),YUYING SECONDARY SCHOOL
Secondary Schools (Excluding Mixed Level Schools),ZHENGHUA SECONDARY SCHOOL
Secondary Schools (Excluding Mixed Level Schools),ZHONGHUA SECONDARY SCHOOL
Junior Colleges/Centralised Institute (Excluding Mixed Level Schools),ANDERSON JUNIOR COLLEGE
Junior Colleges/Centralised Institute (Excluding Mixed Level Schools),ANGLO-CHINESE JUNIOR COLLEGE
Junior Colleges/Centralised Institute (Excluding Mixed Level Schools),CATHOLIC JUNIOR COLLEGE
Junior Colleges/Centralised Institute (Excluding Mixed Level Schools),INNOVA JUNIOR COLLEGE
Junior Colleges/Centralised Institute (Excluding Mixed Level Schools),JURONG JUNIOR COLLEGE
Junior Colleges/Centralised Institute (Excluding Mixed Level Schools),MERIDIAN JUNIOR COLLEGE
Junior Colleges/Centralised Institute (Excluding Mixed Level Schools),MILLENNIA INSTITUTE
Junior Colleges/Centralised Institute (Excluding Mixed Level Schools),NANYANG JUNIOR COLLEGE
Junior Colleges/Centralised Institute (Excluding Mixed Level Schools),PIONEER JUNIOR COLLEGE
Junior Colleges/Centralised Institute (Excluding Mixed Level Schools),SERANGOON JUNIOR COLLEGE
Junior Colleges/Centralised Institute (Excluding Mixed Level Schools),ST. ANDREW'S JUNIOR COLLEGE
Junior Colleges/Centralised Institute (Excluding Mixed Level Schools),TAMPINES JUNIOR COLLEGE
Junior Colleges/Centralised Institute (Excluding Mixed Level Schools),VICTORIA JUNIOR COLLEGE
Junior Colleges/Centralised Institute (Excluding Mixed Level Schools),YISHUN JUNIOR COLLEGE
Mixed Level Schools,ANGLO-CHINESE SCHOOL (INDEPENDENT)
Mixed Level Schools,CATHOLIC HIGH SCHOOL
Mixed Level Schools,CHIJ ST. NICHOLAS GIRLS' SCHOOL
Mixed Level Schools,DUNMAN HIGH SCHOOL
Mixed Level Schools,HWA CHONG INSTITUTION
Mixed Level Schools,MARIS STELLA HIGH SCHOOL
Mixed Level Schools,METHODIST GIRLS' SCHOOL (PRIMARY)
Mixed Level Schools,METHODIST GIRLS' SCHOOL (SECONDARY)
Mixed Level Schools,NATIONAL JUNIOR COLLEGE
Mixed Level Schools,NUS HIGH SCHOOL OF MATHEMATICS AND SCIENCE
Mixed Level Schools,RAFFLES INSTITUTION
Mixed Level Schools,RIVER VALLEY HIGH SCHOOL
Mixed Level Schools,"SCHOOL OF THE ARTS, SINGAPORE"
Mixed Level Schools,SINGAPORE CHINESE GIRLS' PRIMARY SCHOOL
Mixed Level Schools,SINGAPORE CHINESE GIRLS' SCHOOL
Mixed Level Schools,SINGAPORE SPORTS SCHOOL
Mixed Level Schools,ST. JOSEPH'S INSTITUTION
Mixed Level Schools,TEMASEK JUNIOR COLLEGE
